{"xy_sens": 5.3, "targeting_sens": 35.0, "xy_scale": 1.8867924528301887, "targeting_scale": 5.390835579514825}